month,excess_return,total_return,gross_return,cost,turnover,n_markets,equity_excess,equity_total
1989-02-01,-0.03641377,-0.02944547,-0.03402053,0.00239324,3.276258,19,0.963586,0.970555
1989-03-01,0.02892718,0.03615760,0.03104966,0.00212248,3.102576,19,0.991460,1.005647
1989-04-01,-0.00832317,-0.00093891,-0.00615470,0.00216847,2.934552,19,0.983208,1.004703
1989-05-01,0.08474154,0.09172528,0.08713967,0.00239812,3.663715,19,1.066527,1.096860
1989-06-01,0.00686829,0.01401399,0.00878633,0.00191805,2.320417,19,1.073852,1.112231
1989-07-01,0.00371005,0.01034576,0.00584078,0.00213074,2.427332,19,1.077836,1.123738
1989-08-01,-0.02880929,-0.02234420,-0.02694378,0.00186552,1.470746,19,1.046784,1.098629
1989-09-01,0.02317412,0.02973232,0.02621385,0.00303974,3.387551,19,1.071042,1.131294
1989-10-01,-0.00092834,0.00564536,0.00140984,0.00233819,3.387688,19,1.070048,1.137681
1989-11-01,0.02922461,0.03568970,0.03126318,0.00203856,2.448976,19,1.101320,1.178284
1989-12-01,0.02320547,0.02951516,0.02551125,0.00230579,2.503134,19,1.126876,1.213061
1990-01-01,-0.02853329,-0.02225471,-0.02580945,0.00272384,2.728079,19,1.094723,1.186065
1990-02-01,0.02501430,0.03144833,0.02781411,0.00279981,4.138379,20,1.122107,1.223365
1990-03-01,0.10129662,0.10776170,0.10360074,0.00230413,2.239528,20,1.235772,1.355197
1990-04-01,0.08167397,0.08816234,0.08338821,0.00171425,1.289589,20,1.336703,1.474674
1990-05-01,-0.07907890,-0.07259052,-0.07731770,0.00176120,2.003849,20,1.230998,1.367626
1990-06-01,0.01819128,0.02463308,0.02131200,0.00312072,3.289813,20,1.253391,1.401315
1990-07-01,0.06002371,0.06645774,0.06272380,0.00270009,3.411909,20,1.328624,1.494444
1990-08-01,0.08358281,0.08981471,0.08528053,0.00169771,1.514455,20,1.439675,1.628667
1990-09-01,0.05207282,0.05821907,0.05383329,0.00176047,2.278180,20,1.514642,1.723486
1990-10-01,-0.05787212,-0.05192864,-0.05622920,0.00164291,1.592696,20,1.426987,1.633988
1990-11-01,-0.02788066,-0.02196060,-0.02566237,0.00221828,2.805922,20,1.387202,1.598104
1990-12-01,0.00963262,0.01547455,0.01178942,0.00215679,2.831374,20,1.400564,1.622834
1991-01-01,0.03258001,0.03794390,0.03623089,0.00365088,3.844273,20,1.446194,1.684411
1991-02-01,0.00579431,0.01095369,0.00857515,0.00278084,3.131951,20,1.454574,1.702862
1991-03-01,0.01194378,0.01698496,0.01390372,0.00195994,2.642216,20,1.471947,1.731785
1991-04-01,0.01732315,0.02212748,0.01960174,0.00227859,3.051990,20,1.497446,1.770105
1991-05-01,-0.01006122,-0.00544682,-0.00703226,0.00302896,3.732958,20,1.482380,1.760463
1991-06-01,0.04031876,0.04495693,0.04394094,0.00362218,3.799072,20,1.542148,1.839608
1991-07-01,-0.09322857,-0.08859041,-0.09012017,0.00310840,4.229053,20,1.398375,1.676637
1991-08-01,0.06608891,0.07071915,0.06943081,0.00334190,5.016568,20,1.490792,1.795207
1991-09-01,0.03810833,0.04257210,0.03980551,0.00169717,1.790492,20,1.547604,1.871633
1991-10-01,0.00324087,0.00752195,0.00494476,0.00170390,1.545374,20,1.552620,1.885711
1991-11-01,-0.00050183,0.00354041,0.00160302,0.00210485,2.158676,20,1.551840,1.892387
1991-12-01,0.10540047,0.10905127,0.10756589,0.00216542,2.185984,20,1.715405,2.098754
1992-01-01,-0.06948124,-0.06623966,-0.06747633,0.00200490,2.252505,20,1.596217,1.959734
1992-02-01,0.01036542,0.01359091,0.01248942,0.00212401,2.564818,20,1.612762,1.986368
1992-03-01,-0.03160859,-0.02831074,-0.03021533,0.00139327,1.422266,20,1.561785,1.930133
1992-04-01,-0.06382189,-0.06042764,-0.05949418,0.00432771,6.145577,20,1.462109,1.813499
1992-05-01,-0.01164230,-0.00853754,-0.00571641,0.00592589,7.845973,20,1.445087,1.798016
1992-06-01,0.02046433,0.02356910,0.02436074,0.00389640,5.278464,20,1.474659,1.840394
1992-07-01,0.05745093,0.06044286,0.05977512,0.00232420,2.843375,20,1.559380,1.951633
1992-08-01,0.06029903,0.06296784,0.06216473,0.00186570,1.475708,20,1.653409,2.074523
1992-09-01,0.00265583,0.00530845,0.00417446,0.00151863,1.361497,20,1.657800,2.085535
1992-10-01,-0.02485937,-0.02259610,-0.02300891,0.00185047,1.905149,20,1.616588,2.038410
1992-11-01,0.00227450,0.00476510,0.00422697,0.00195247,2.216427,20,1.620265,2.048124
1992-12-01,-0.00964343,-0.00686948,-0.00740413,0.00223931,2.112417,20,1.604640,2.034054
1993-01-01,0.01455284,0.01714068,0.01747975,0.00292691,3.840020,20,1.627992,2.068919
1993-02-01,0.04871512,0.05114895,0.05127134,0.00255622,3.629330,20,1.707300,2.174742
1993-03-01,-0.01094054,-0.00846616,-0.00815285,0.00278770,3.143296,20,1.688621,2.156330
1993-04-01,0.01919476,0.02162047,0.02177461,0.00257985,3.245995,20,1.721034,2.202951
1993-05-01,-0.00703892,-0.00459699,-0.00564033,0.00139860,0.849509,20,1.708920,2.192824
1993-06-01,-0.04546844,-0.04289679,-0.04093102,0.00453742,5.348663,20,1.631218,2.098759
1993-07-01,0.04208244,0.04462978,0.04668877,0.00460633,6.724502,20,1.699864,2.192426
1993-08-01,0.02669149,0.02923882,0.02885568,0.00216419,1.816294,20,1.745235,2.256530
1993-09-01,0.03027901,0.03281014,0.03231519,0.00203618,1.893222,20,1.798079,2.330567
1993-10-01,-0.00240928,0.00004077,-0.00022528,0.00218400,2.031342,20,1.793747,2.330662
1993-11-01,0.06074445,0.06329179,0.06344689,0.00270244,3.218246,20,1.902708,2.478174
1993-12-01,0.06527259,0.06790903,0.06793990,0.00266731,2.946018,20,2.026902,2.646465
1994-01-01,-0.03497919,-0.03245616,-0.03208660,0.00289259,3.193668,20,1.956003,2.560570
1994-02-01,-0.00890444,-0.00639763,-0.00561616,0.00328829,3.944653,22,1.938586,2.544189
1994-03-01,0.03180268,0.03464935,0.03457330,0.00277062,3.529933,22,2.000238,2.632343
1994-04-01,0.02238043,0.02529976,0.02508218,0.00270175,3.554133,22,2.045004,2.698941
1994-05-01,0.04961278,0.05286240,0.05354679,0.00393400,3.299949,22,2.146462,2.841614
1994-06-01,-0.06417747,-0.06065486,-0.06069266,0.00348481,4.355554,22,2.008708,2.669256
1994-07-01,-0.02596929,-0.02248678,-0.02314175,0.00282755,4.077915,22,1.956543,2.609233
1994-08-01,-0.00023062,0.00335611,0.00311009,0.00334071,4.271055,22,1.956092,2.617990
1994-09-01,0.01864367,0.02246243,0.02160289,0.00295922,4.094045,22,1.992561,2.676796
1994-10-01,0.02031191,0.02422652,0.02316518,0.00285327,3.930099,22,2.033033,2.741646
1994-11-01,0.02450077,0.02873413,0.02792361,0.00342284,3.762036,22,2.082844,2.820425
1994-12-01,-0.00474140,-0.00009531,0.00017473,0.00491612,5.655808,22,2.072969,2.820156
1995-01-01,-0.00438921,0.00022520,-0.00177313,0.00261608,3.978081,22,2.063870,2.820791
1995-02-01,0.02096263,0.02583018,0.02420475,0.00324212,6.178297,22,2.107134,2.893652
1995-03-01,0.13236197,0.13718211,0.13510088,0.00273891,6.157365,22,2.386039,3.290610
1995-04-01,0.06865702,0.07342972,0.07053790,0.00188088,2.573794,22,2.549857,3.532238
1995-05-01,0.09808235,0.10284715,0.09955856,0.00147620,2.272079,22,2.799953,3.895519
1995-06-01,-0.02983880,-0.02512148,-0.02822852,0.00161029,2.712592,22,2.716406,3.797658
1995-07-01,-0.04237060,-0.03781959,-0.04026282,0.00210778,3.388240,22,2.601310,3.654032
1995-08-01,-0.01420737,-0.00965636,-0.01188503,0.00232234,4.761013,22,2.564352,3.618747
1995-09-01,0.02869989,0.03313191,0.03079844,0.00209855,4.520464,22,2.637949,3.738643
1995-10-01,0.03557587,0.03996819,0.03700608,0.00143021,2.377820,22,2.731796,3.888070
1995-11-01,0.01821963,0.02267546,0.01953169,0.00131206,1.833211,22,2.781568,3.976234
1995-12-01,0.02321133,0.02766716,0.02477712,0.00156579,2.640141,22,2.846132,4.086245
1996-01-01,0.01054731,0.01470109,0.01218649,0.00163918,2.615946,22,2.876151,4.146317
1996-02-01,-0.04619005,-0.04207609,-0.04433382,0.00185623,3.213943,22,2.743302,3.971856
1996-03-01,0.05945683,0.06354689,0.06225479,0.00279796,4.536172,22,2.906410,4.224255
1996-04-01,0.02886520,0.03304286,0.03103213,0.00216693,3.578113,22,2.990304,4.363837
1996-05-01,0.00268563,0.00687125,0.00519983,0.00251420,4.484577,22,2.998335,4.393822
1996-06-01,0.01012528,0.01434273,0.01286892,0.00274364,6.022400,22,3.028694,4.456841
1996-07-01,-0.04010342,-0.03588597,-0.03771453,0.00238888,4.348959,22,2.907233,4.296903
1996-08-01,0.07469725,0.07902602,0.07813271,0.00343546,5.894840,22,3.124395,4.636470
1996-09-01,0.05264744,0.05695237,0.05564548,0.00299804,5.638886,22,3.288887,4.900528
1996-10-01,0.03610827,0.04029389,0.03801172,0.00190345,3.774963,22,3.407643,5.097990
1996-11-01,0.06217586,0.06638536,0.06350546,0.00132960,1.504595,22,3.619516,5.436422
1996-12-01,-0.00193369,0.00224397,-0.00081950,0.00111419,1.292820,22,3.612517,5.448621
1997-01-01,0.07921648,0.08345779,0.08113150,0.00191503,2.996424,22,3.898687,5.903351
1997-02-01,-0.00196459,0.00222899,0.00014932,0.00211391,3.725383,22,3.891028,5.916509
1997-03-01,0.01159595,0.01584522,0.01376888,0.00217294,3.600955,22,3.936148,6.010257
1997-04-01,0.02394098,0.02829358,0.02593026,0.00198928,3.670690,22,4.030383,6.180309
1997-05-01,-0.06114057,-0.05684359,-0.05898040,0.00216018,4.776220,22,3.783964,5.828998
1997-06-01,0.03546360,0.03950584,0.03768370,0.00222010,4.127248,22,3.918156,6.059278
1997-07-01,0.08634814,0.09062127,0.08808877,0.00174063,3.124128,22,4.256482,6.608377
1997-08-01,-0.02077709,-0.01650396,-0.01946522,0.00131187,1.981017,22,4.168045,6.499313
1997-09-01,0.03724047,0.04150565,0.03902046,0.00177999,3.309639,22,4.323265,6.769071
1997-10-01,0.04079180,0.04491372,0.04246106,0.00166927,2.957146,22,4.499618,7.073095
1997-11-01,0.00593774,0.01017905,0.00782264,0.00188490,2.978613,22,4.526336,7.145092
1997-12-01,0.08935719,0.09360646,0.09107899,0.00172180,3.422405,22,4.930797,7.813919
1998-01-01,0.01545281,0.01981336,0.01689386,0.00144105,2.497330,22,5.006991,7.968739
1998-02-01,-0.02158531,-0.01735990,-0.02028796,0.00129735,2.287798,22,4.898914,7.830403
1998-03-01,0.05310536,0.05743413,0.05572414,0.00261878,4.751828,22,5.159072,8.280135
1998-04-01,0.00118091,0.00538245,0.00301491,0.00183400,2.958518,22,5.165165,8.324702
1998-05-01,0.08636945,0.09044358,0.08860582,0.00223637,4.263737,22,5.611277,9.077618
1998-06-01,0.00822152,0.01231955,0.01035540,0.00213388,4.032043,22,5.657411,9.189450
1998-07-01,0.05936647,0.06352025,0.06084393,0.00147746,2.350296,22,5.993271,9.773167
1998-08-01,0.13769299,0.14184677,0.13941843,0.00172544,3.351870,22,6.818502,11.159459
1998-09-01,0.03965948,0.04370172,0.04088861,0.00122913,2.026925,22,7.088921,11.647146
1998-10-01,-0.02874426,-0.02517356,-0.02754753,0.00119673,1.804091,22,6.885155,11.353946
1998-11-01,-0.02857609,-0.02503744,-0.02620555,0.00237054,3.710324,22,6.688404,11.069672
1998-12-01,-0.01740390,-0.01367308,-0.01491063,0.00249327,4.492918,22,6.572000,10.918316
1999-01-01,-0.01836335,-0.01470455,-0.01636067,0.00200269,4.232943,22,6.451316,10.757767
1999-02-01,0.04767798,0.05133678,0.04997719,0.00229921,4.708492,23,6.758902,11.310036
1999-03-01,-0.03886212,-0.03505934,-0.03675531,0.00210681,4.096002,23,6.496236,10.913514
1999-04-01,0.06770970,0.07137650,0.07001602,0.00230633,4.852357,23,6.936095,11.692482
1999-05-01,0.02397760,0.02769242,0.02561035,0.00163274,2.716179,23,7.102405,12.016275
1999-06-01,0.01218406,0.01598684,0.01375082,0.00156676,2.811552,23,7.188942,12.208377
1999-07-01,-0.00058507,0.00331357,0.00087865,0.00146372,2.514638,23,7.184736,12.248831
1999-08-01,0.03227744,0.03615212,0.03408189,0.00180445,3.699928,23,7.416640,12.691652
1999-09-01,-0.01702504,-0.01296685,-0.01553472,0.00149032,2.689331,23,7.290372,12.527081
1999-10-01,-0.02428600,-0.02030755,-0.02225117,0.00203483,4.149795,23,7.113318,12.272687
1999-11-01,0.07305111,0.07722081,0.07513386,0.00208276,4.491495,23,7.632954,13.220394
1999-12-01,0.01809857,0.02241145,0.01946021,0.00136164,1.796899,23,7.771099,13.516682
2000-01-01,0.04739180,0.05172852,0.04884073,0.00144893,2.334128,23,8.139386,14.215880
2000-02-01,-0.01377741,-0.00909965,-0.01235111,0.00142630,2.439323,23,8.027246,14.086520
2000-03-01,-0.00230069,0.00239289,-0.00075613,0.00154457,2.517442,23,8.008778,14.120228
2000-04-01,0.09268221,0.09745491,0.09461732,0.00193511,3.456433,23,8.751049,15.496313
2000-05-01,0.00788068,0.01260593,0.00981539,0.00193470,3.638066,23,8.820013,15.691659
2000-06-01,-0.05497842,-0.05040363,-0.05245787,0.00252055,3.740825,23,8.335103,14.900742
2000-07-01,0.05255729,0.05732999,0.05615061,0.00359332,5.779476,23,8.773173,15.755002
2000-08-01,0.02234500,0.02742560,0.02489629,0.00255129,5.006599,23,8.969210,16.187092
2000-09-01,0.00107267,0.00618479,0.00358334,0.00251067,6.250436,23,8.978831,16.287206
2000-10-01,0.06508397,0.07013304,0.06729108,0.00220711,5.385185,23,9.563209,17.429477
2000-11-01,0.03807645,0.04324371,0.03924551,0.00116906,2.059315,23,9.927342,18.183192
2000-12-01,0.00873679,0.01377009,0.00976355,0.00102676,1.469284,23,10.014075,18.433576
2001-01-01,-0.02605370,-0.02127309,-0.02452447,0.00152922,2.971086,23,9.753171,18.041437
2001-02-01,0.03974873,0.04381489,0.04164799,0.00189925,3.989131,24,10.140847,18.831921
2001-03-01,0.08141874,0.08537326,0.08252981,0.00111107,1.568222,24,10.966502,20.439663
2001-04-01,-0.05568019,-0.05216559,-0.05449586,0.00118433,2.068622,24,10.355885,19.373416
2001-05-01,0.04687507,0.05010861,0.04860636,0.00173129,3.551775,24,10.841318,20.344191
2001-06-01,0.01819199,0.02116780,0.01970491,0.00151292,2.374929,24,11.038543,20.774832
2001-07-01,-0.05093295,-0.04794102,-0.04888415,0.00204880,4.028061,24,10.476318,19.778866
2001-08-01,0.00227618,0.00517937,0.00444024,0.00216406,4.499554,24,10.500164,19.881308
2001-09-01,0.02156372,0.02432958,0.02273010,0.00116639,2.007741,24,10.726586,20.365012
2001-10-01,0.05664138,0.05861971,0.05803988,0.00139850,2.726749,24,11.334155,21.558803
2001-11-01,-0.07464288,-0.07295039,-0.07340122,0.00124166,2.095756,24,10.488141,19.986080
2001-12-01,0.01423243,0.01570380,0.01583977,0.00160733,3.165441,24,10.637413,20.299937
2002-01-01,-0.00038409,0.00105447,0.00121147,0.00159556,3.790956,24,10.633327,20.321343
2002-02-01,0.00918686,0.01064183,0.01123692,0.00205006,4.450955,24,10.731014,20.537599
2002-03-01,-0.04689934,-0.04541978,-0.04479504,0.00210431,4.027362,24,10.227736,19.604786
2002-04-01,-0.03005969,-0.02858012,-0.02752576,0.00253393,7.112532,24,9.920294,19.044479
2002-05-01,0.06761901,0.06908218,0.06967041,0.00205140,5.620348,24,10.591094,20.360113
2002-06-01,0.04317812,0.04461668,0.04453004,0.00135192,2.691298,24,11.048398,21.268513
2002-07-01,-0.00393993,-0.00253418,-0.00239981,0.00154012,3.653573,24,11.004868,21.214615
2002-08-01,0.09643373,0.09784769,0.09778863,0.00135489,2.593752,24,12.066108,23.290416
2002-09-01,0.04728543,0.04868297,0.04843059,0.00114516,2.214957,24,12.636659,24.424263
2002-10-01,-0.03957860,-0.03827959,-0.03814122,0.00143739,3.096107,24,12.136518,23.489312
2002-11-01,0.00439148,0.00558363,0.00641849,0.00202701,4.828164,24,12.189815,23.620468
2002-12-01,0.08714957,0.08816060,0.08869933,0.00154976,3.265594,24,13.252153,25.702862
2003-01-01,0.07055370,0.07156472,0.07188890,0.00133521,3.149003,24,14.187141,27.542280
2003-02-01,0.02975597,0.03073402,0.03062900,0.00087304,1.295222,24,14.609293,28.388765
2003-03-01,-0.00781554,-0.00682100,-0.00675316,0.00106238,1.870867,24,14.495114,28.195126
2003-04-01,0.02122969,0.02217476,0.02253102,0.00130133,2.544716,24,14.802840,28.820346
2003-05-01,0.10384035,0.10477718,0.10548555,0.00164520,2.774395,24,16.339972,31.840060
2003-06-01,-0.06949006,-0.06856973,-0.06795431,0.00153575,3.736961,24,15.204507,29.656796
2003-07-01,-0.05757789,-0.05683096,-0.05550028,0.00207761,4.790238,24,14.329063,27.971371
2003-08-01,0.04461443,0.04541093,0.04681592,0.00220149,4.386413,24,14.968346,29.241578
2003-09-01,0.02125702,0.02207004,0.02308098,0.00182397,3.500159,24,15.286529,29.886940
2003-10-01,0.05410971,0.05489795,0.05561611,0.00150640,3.559701,24,16.113678,31.527672
2003-11-01,0.01086688,0.01166338,0.01219069,0.00132382,2.285094,24,16.288784,31.895391
2003-12-01,0.04949307,0.05026478,0.05099850,0.00150543,3.853741,24,17.094966,33.498606
2004-01-01,-0.00848941,-0.00770117,-0.00710381,0.00138560,3.341063,24,16.949839,33.240628
2004-02-01,0.04560205,0.04636550,0.04691240,0.00131036,2.817980,24,17.722787,34.781846
2004-03-01,0.02332658,0.02412308,0.02435197,0.00102539,2.040685,24,18.136199,35.620891
2004-04-01,-0.08490083,-0.08411258,-0.08333704,0.00156379,3.936193,24,16.596420,32.624726
2004-05-01,-0.00012886,0.00068416,0.00159779,0.00172665,4.199040,24,16.594282,32.647047
2004-06-01,0.00152378,0.00241935,0.00320637,0.00168259,4.020021,24,16.619568,32.726031
2004-07-01,0.01122794,0.01232957,0.01326386,0.00203592,4.720290,24,16.806171,33.129529
2004-08-01,-0.02178523,-0.02058485,-0.01949450,0.00229073,5.433747,24,16.440045,32.447563
2004-09-01,0.04209036,0.04340580,0.04406872,0.00197836,5.365873,24,17.132013,33.855975
2004-10-01,0.02791018,0.02932413,0.02897940,0.00106922,1.751529,24,17.610170,34.848773
2004-11-01,0.05908044,0.06065834,0.06006641,0.00098597,2.351085,24,18.650587,36.962641
2004-12-01,0.01281983,0.01465943,0.01366471,0.00084488,1.276027,24,18.889684,37.504493
2005-01-01,-0.01220319,-0.01037176,-0.01175851,0.00044469,1.386908,24,18.659169,37.115505
2005-02-01,-0.06548553,-0.06341755,-0.06470580,0.00077973,2.701714,24,17.437264,34.761731
2005-03-01,-0.01441440,-0.01214299,-0.01262857,0.00178583,7.958985,24,17.185916,34.339619
2005-04-01,-0.00804999,-0.00575420,-0.00655843,0.00149156,7.019164,24,17.047570,34.142022
2005-05-01,0.00281748,0.00520260,0.00377035,0.00095288,4.177305,24,17.095601,34.319650
2005-06-01,0.03076022,0.03321838,0.03168803,0.00092781,3.783561,24,17.621465,35.459693
2005-07-01,-0.02514004,-0.02256840,-0.02428090,0.00085915,3.328784,24,17.178461,34.659424
2005-08-01,0.02788690,0.03069318,0.02911501,0.00122811,5.467466,24,17.657515,35.723232
2005-09-01,0.00666384,0.00955089,0.00778674,0.00112289,4.802310,24,17.775182,36.064421
2005-10-01,0.04177486,0.04468613,0.04293344,0.00115858,5.578506,24,18.517738,37.676000
2005-11-01,0.05368894,0.05694660,0.05415412,0.00046519,1.080251,24,19.511935,39.821520
2005-12-01,-0.00344543,-0.00021189,-0.00256784,0.00087759,3.682069,24,19.444708,39.813083
2006-01-01,0.01322950,0.01656753,0.01447104,0.00124154,4.184496,24,19.701952,40.472687
2006-02-01,-0.01685320,-0.01320241,-0.01536055,0.00149265,6.840216,24,19.369911,39.938350
2006-03-01,0.05688483,0.06065564,0.05808885,0.00120402,4.941600,24,20.471765,42.360836
2006-04-01,0.04654573,0.05032453,0.04758385,0.00103812,4.638152,24,21.424639,44.492626
2006-05-01,-0.00742566,-0.00353501,-0.00667682,0.00074884,2.579856,24,21.265547,44.335344
2006-06-01,-0.02652632,-0.02256383,-0.02581890,0.00070742,3.146454,24,20.701450,43.334969
2006-07-01,-0.03319674,-0.02911465,-0.03224155,0.00095519,4.199042,24,20.014229,42.073287
2006-08-01,0.06349586,0.06764964,0.06518962,0.00169375,8.381104,24,21.285050,44.919529
2006-09-01,0.03286008,0.03697404,0.03410407,0.00124399,5.589805,24,21.984478,46.580386
2006-10-01,0.01999524,0.02398166,0.02094702,0.00095178,4.138156,24,22.424063,47.697461
2006-11-01,0.03016195,0.03429980,0.03142318,0.00126123,4.762118,24,23.100417,49.333474
2006-12-01,-0.01989070,-0.01579267,-0.01869046,0.00120024,6.073172,24,22.640933,48.554367
2007-01-01,0.04573499,0.04982505,0.04691526,0.00118027,6.413973,24,23.676416,50.973591
2007-02-01,-0.03166919,-0.02749949,-0.03114625,0.00052293,0.755478,24,22.926603,49.571843
2007-03-01,0.01673891,0.02094045,0.01780902,0.00107011,4.410822,24,23.310370,50.609900
2007-04-01,0.10937784,0.11348383,0.11067892,0.00130108,6.619231,24,25.860008,56.353305
2007-05-01,-0.02442493,-0.02042256,-0.02342107,0.00100386,4.180462,24,25.228379,55.202426
2007-06-01,0.08375663,0.08761534,0.08500519,0.00124856,7.136572,24,27.341423,60.039006
2007-07-01,-0.06774932,-0.06381874,-0.06711947,0.00062985,1.730104,24,25.489060,56.207392
2007-08-01,-0.04553620,-0.04149396,-0.04433618,0.00120003,5.261819,24,24.328385,53.875125
2007-09-01,-0.00320120,0.00008058,-0.00190583,0.00129537,6.416694,24,24.250505,53.879466
2007-10-01,0.06321253,0.06634145,0.06427989,0.00106736,4.783948,24,25.783441,57.453908
2007-11-01,0.06567169,0.06889718,0.06659772,0.00092603,4.183674,24,27.476683,61.412320
2007-12-01,-0.01254958,-0.00996174,-0.01182527,0.00072431,3.094828,24,27.131862,60.800547
2008-01-01,0.06082058,0.06357837,0.06188723,0.00106665,4.662788,24,28.782037,64.666146
2008-02-01,0.08227506,0.08389390,0.08315332,0.00087827,4.595091,24,31.150081,70.091241
2008-03-01,0.01848670,0.02001545,0.01885466,0.00036796,0.801834,24,31.725943,71.494149
2008-04-01,-0.11023258,-0.10908979,-0.10969144,0.00054114,1.747933,24,28.228711,63.694867
2008-05-01,0.08071053,0.08189446,0.08190909,0.00119856,6.533656,24,30.507065,68.911124
2008-06-01,0.02885553,0.03041705,0.02934162,0.00048610,1.348231,24,31.387363,71.007197
2008-07-01,-0.07743867,-0.07586896,-0.07648055,0.00095812,4.216270,24,28.956767,65.619954
2008-08-01,0.00451415,0.00590348,0.00573493,0.00122078,5.383670,24,29.087482,66.007340
2008-09-01,0.01966817,0.02109033,0.02062378,0.00095561,4.936331,24,29.659580,67.399457
2008-10-01,0.11795439,0.11871785,0.11843978,0.00048539,1.857967,24,33.158057,75.400975
2008-11-01,0.07854242,0.07892495,0.07900923,0.00046681,2.229201,24,35.762371,81.351993
2008-12-01,0.05539341,0.05540175,0.05565979,0.00026638,0.569424,24,37.743371,85.859036
2009-01-01,-0.03946748,-0.03937586,-0.03913955,0.00032793,0.869006,24,36.253735,82.478262
2009-02-01,-0.03036523,-0.03016545,-0.02989648,0.00046875,1.763925,24,35.152882,79.990268
2009-03-01,-0.03707242,-0.03685601,-0.03645886,0.00061356,3.036523,24,33.849680,77.042146
2009-04-01,-0.02828450,-0.02810967,-0.02733532,0.00094918,4.724061,24,32.892259,74.876517
2009-05-01,-0.04630407,-0.04618747,-0.04543736,0.00086671,3.373602,24,31.369213,71.418160
2009-06-01,-0.01302718,-0.01291059,-0.01229314,0.00073405,2.762303,24,30.960561,70.496109
2009-07-01,-0.00654848,-0.00639029,-0.00566540,0.00088308,4.618676,24,30.757816,70.045619
2009-08-01,0.07677626,0.07692614,0.07737357,0.00059731,2.864949,24,33.119286,75.433958
2009-09-01,0.02090533,0.02103025,0.02142221,0.00051688,2.083122,24,33.811656,77.020353
2009-10-01,-0.01906046,-0.01894386,-0.01873222,0.00032824,0.769200,24,33.167191,75.561290
2009-11-01,0.05361011,0.05365177,0.05407661,0.00046650,1.702189,24,34.945287,79.615286
2009-12-01,-0.06596601,-0.06591602,-0.06556767,0.00039834,1.501991,24,32.640086,74.367363
2010-01-01,-0.04431812,-0.04426813,-0.04346022,0.00085790,4.933455,24,31.193539,71.075259
2010-02-01,0.00359564,0.00366229,0.00459905,0.00100341,5.067253,24,31.305700,71.335557
2010-03-01,0.00222599,0.00233426,0.00321785,0.00099186,3.951376,24,31.375386,71.502072
2010-04-01,0.03450406,0.03463730,0.03566559,0.00116152,6.604875,24,32.457964,73.978711
2010-05-01,-0.00334518,-0.00321195,-0.00247750,0.00086768,4.675896,24,32.349386,73.741096
2010-06-01,0.05639539,0.05652863,0.05700462,0.00060923,2.492858,24,34.173743,77.909579
2010-07-01,-0.01586564,-0.01571577,-0.01554359,0.00032206,0.847118,24,33.631554,76.685170
2010-08-01,0.07097778,0.07110269,0.07136906,0.00039128,1.182638,24,36.018647,82.137692
2010-09-01,0.02132353,0.02144012,0.02171304,0.00038951,0.920231,24,36.786692,83.898734
2010-10-01,0.04082889,0.04096213,0.04123219,0.00040330,1.370971,24,38.288652,87.335405
2010-11-01,-0.06097602,-0.06087607,-0.06073499,0.00024103,0.135696,24,35.953963,82.018768
2010-12-01,0.08178448,0.08192603,0.08258353,0.00079905,4.123829,24,38.894439,88.738241
2011-01-01,0.01049245,0.01059239,0.01106542,0.00057297,2.540402,24,39.302536,89.678191
2011-02-01,0.01153700,0.01166191,0.01199708,0.00046008,2.182849,25,39.755970,90.724010
2011-03-01,0.00810470,0.00822962,0.00861577,0.00051107,2.420187,25,40.078180,91.470634
2011-04-01,0.02436164,0.02443661,0.02484926,0.00048762,2.640128,25,41.054550,93.705866
2011-05-01,0.00003488,0.00006821,0.00056120,0.00052632,2.606299,25,41.055982,93.712258
2011-06-01,-0.00308293,-0.00303295,-0.00265548,0.00042746,1.594222,25,40.929410,93.428034
2011-07-01,0.05121817,0.05124317,0.05167727,0.00045910,1.572086,25,43.025739,98.215582
2011-08-01,0.05419043,0.05427372,0.05462463,0.00043420,1.526397,25,45.357322,103.546107
2011-09-01,-0.01101432,-0.01099766,-0.01061904,0.00039528,1.375095,25,44.857742,102.407342
2011-10-01,-0.04607408,-0.04605742,-0.04563775,0.00043633,1.346582,25,42.790963,97.690725
2011-11-01,0.01540062,0.01540895,0.01678702,0.00138641,5.699111,25,43.449970,99.196036
2011-12-01,0.03814492,0.03815326,0.03922992,0.00108500,5.375231,25,45.107366,102.980688
2012-01-01,0.01335990,0.01337656,0.01404606,0.00068616,2.696049,25,45.709995,104.358215
2012-02-01,-0.03003683,-0.02998685,-0.02954437,0.00049246,1.331845,25,44.337012,101.228842
2012-03-01,-0.00469391,-0.00462727,-0.00381564,0.00087826,3.572064,25,44.128898,100.760429
2012-04-01,0.03696229,0.03702060,0.03819064,0.00122835,4.800324,25,45.760003,104.490641
2012-05-01,0.06170296,0.06178626,0.06256820,0.00086524,3.495710,25,48.583531,110.946727
2012-06-01,-0.03705961,-0.03700129,-0.03652227,0.00053734,2.298856,25,46.783044,106.841554
2012-07-01,0.04693009,0.04700505,0.04748716,0.00055708,2.217687,25,48.978577,111.863647
2012-08-01,-0.02282279,-0.02273117,-0.02227604,0.00054676,2.186758,25,47.860749,109.320855
2012-09-01,-0.03104709,-0.03097212,-0.02982435,0.00122273,4.213288,25,46.374812,105.934957
2012-10-01,-0.02680299,-0.02671970,-0.02573527,0.00106772,3.957009,25,45.131828,103.104407
2012-11-01,0.05894813,0.05903975,0.06029472,0.00134659,5.380657,25,47.792265,109.191665
2012-12-01,-0.00301823,-0.00295159,-0.00171092,0.00130731,6.096022,25,47.648017,108.869377
2013-01-01,0.06528785,0.06532951,0.06666414,0.00137628,8.046589,25,50.758853,115.981759
2013-02-01,-0.00095995,-0.00090163,0.00008087,0.00104082,6.517700,26,50.710128,115.877186
2013-03-01,0.04963299,0.04972461,0.05045063,0.00081764,3.650578,26,53.227023,121.639135
2013-04-01,0.02371112,0.02376944,0.02439241,0.00068129,2.013199,26,54.489096,124.530429
2013-05-01,-0.05356436,-0.05352271,-0.05279383,0.00077054,3.423129,26,51.570422,117.865223
2013-06-01,0.03214380,0.03217713,0.03306298,0.00091917,5.259962,26,53.228091,121.657788
2013-07-01,0.00499015,0.00502348,0.00591261,0.00092246,4.020470,26,53.493708,122.268933
2013-08-01,0.01598701,0.01602033,0.01672559,0.00073858,2.015192,26,54.348912,124.227722
2013-09-01,-0.03976618,-0.03974118,-0.03872051,0.00104566,5.075241,26,52.187663,119.290766
2013-10-01,0.03623210,0.03624876,0.03736511,0.00113302,5.051377,26,54.078532,123.614908
2013-11-01,0.03115771,0.03119103,0.03214504,0.00098733,4.162980,26,55.763495,127.470585
2013-12-01,0.04592624,0.04597623,0.04700595,0.00107971,5.102491,26,58.324502,133.331201
2014-01-01,-0.04624395,-0.04618564,-0.04539134,0.00085261,4.179970,26,55.627347,127.173215
2014-02-01,-0.02001130,-0.01999464,-0.01887463,0.00113667,5.668159,26,54.514171,124.630432
2014-03-01,0.01480776,0.01484942,0.01607340,0.00126564,6.732259,26,55.321404,126.481122
2014-04-01,0.00190232,0.00194398,0.00317727,0.00127495,7.044134,26,55.426643,126.726999
2014-05-01,-0.00520211,-0.00517712,-0.00389694,0.00130517,7.272567,26,55.138308,126.070918
2014-06-01,0.02754566,0.02757899,0.02838601,0.00084034,4.072979,26,56.657129,129.547827
2014-07-01,-0.00365338,-0.00362005,-0.00294797,0.00070540,2.452337,26,56.450139,129.078857
2014-08-01,0.05705539,0.05708039,0.05810487,0.00104947,4.748664,26,59.670924,136.446729
2014-09-01,0.04807703,0.04810202,0.04894544,0.00086841,3.778717,26,62.539724,143.010093
2014-10-01,0.02409410,0.02411077,0.02479976,0.00070566,2.977755,26,64.046563,146.458175
2014-11-01,0.09295575,0.09296408,0.09368794,0.00073220,2.996947,26,70.000059,160.073525
2014-12-01,0.04791822,0.04793488,0.04832336,0.00040514,0.928751,26,73.354337,167.746630
2015-01-01,0.12456932,0.12460265,0.12506903,0.00049971,1.202422,26,82.492037,188.648304
2015-02-01,-0.05244248,-0.05242582,-0.05184881,0.00059367,2.284400,26,78.165949,178.758263
2015-03-01,0.05415900,0.05417567,0.05489440,0.00073540,2.958510,26,82.399340,188.442611
2015-04-01,-0.08658725,-0.08656225,-0.08583220,0.00075504,3.603946,26,75.264608,172.130595
2015-05-01,0.03795117,0.03795951,0.03956321,0.00161204,7.514661,26,78.120988,178.664588
2015-06-01,-0.02320232,-0.02319399,-0.02197298,0.00122934,6.368524,26,76.308400,174.520644
2015-07-01,0.02572902,0.02573736,0.02696422,0.00123520,4.939960,26,78.271740,179.012344
2015-08-01,-0.01223951,-0.01217287,-0.01102391,0.00121560,7.121063,26,77.313733,176.833250
2015-09-01,0.05319578,0.05326242,0.05429908,0.00110330,6.159505,26,81.426497,186.251817
2015-10-01,-0.02909443,-0.02909443,-0.02829090,0.00080353,3.816995,26,79.057439,180.832926
2015-11-01,0.03676601,0.03683265,0.03763977,0.00087376,3.495134,26,81.964065,187.493481
2015-12-01,-0.03978621,-0.03960307,-0.03897270,0.00081351,3.896323,26,78.703025,180.068164
2016-01-01,-0.00825176,-0.00811853,-0.00684623,0.00140553,7.358000,26,78.053587,178.606276
2016-02-01,-0.00482833,-0.00455374,-0.00359080,0.00123753,6.494930,26,77.676718,177.792949
2016-03-01,-0.02506664,-0.02479206,-0.02439091,0.00067573,3.017305,26,75.729624,173.385096
2016-04-01,0.03984882,0.04002365,0.04054246,0.00069364,3.552977,26,78.747360,180.324600
2016-05-01,-0.03880761,-0.03862447,-0.03820760,0.00060002,2.749478,26,75.691363,173.359659
2016-06-01,0.08472889,0.08501178,0.08561347,0.00088458,3.925041,26,82.104608,188.097272
2016-07-01,-0.00770687,-0.00749046,-0.00686677,0.00084010,4.149681,26,81.471838,186.688338
2016-08-01,-0.02770011,-0.02746707,-0.02696306,0.00073705,3.288887,26,79.215060,181.560555
2016-09-01,0.02319324,0.02346783,0.02419906,0.00100582,4.933259,26,81.052314,185.821387
2016-10-01,-0.05949207,-0.05925072,-0.05850721,0.00098486,4.933887,26,76.230344,174.811336
2016-11-01,0.06024279,0.06052568,0.06140798,0.00116519,7.093182,26,80.822672,185.391911
2016-12-01,0.01695177,0.01735089,0.01778754,0.00083577,4.390600,26,82.192759,188.608626
2017-01-01,-0.04999858,-0.04957458,-0.04936867,0.00062991,2.348298,26,78.083238,179.258433
2017-02-01,-0.00994898,-0.00951668,-0.00869380,0.00125518,6.301596,26,77.306389,177.552489
2017-03-01,-0.03513787,-0.03469727,-0.03395109,0.00118678,7.377849,26,74.590008,171.391902
2017-04-01,0.00591782,0.00654895,0.00727771,0.00135989,8.748321,26,75.031418,172.514340
2017-05-01,-0.00649500,-0.00583076,-0.00513868,0.00135632,7.682003,26,74.544089,171.508449
2017-06-01,0.00667395,0.00748697,0.00778450,0.00111056,4.795071,26,75.041592,172.792527
2017-07-01,0.00266370,0.00351800,0.00370892,0.00104522,5.683806,26,75.241480,173.400412
2017-08-01,-0.02082560,-0.01993827,-0.02007037,0.00075523,3.700415,26,73.674531,169.943108
2017-09-01,-0.04315131,-0.04231352,-0.04170222,0.00144910,6.711344,26,70.495378,162.752217
2017-10-01,-0.00433218,-0.00345311,-0.00301906,0.00131312,7.109763,26,70.189980,162.190216
2017-11-01,-0.00536762,-0.00441430,-0.00455485,0.00081277,3.737713,26,69.813227,161.474259
2017-12-01,0.03514730,0.03619952,0.03637242,0.00122512,6.206214,26,72.266973,167.319550
2018-01-01,0.01201782,0.01316884,0.01333015,0.00131232,6.538962,26,73.135465,169.522955
2018-02-01,-0.01909249,-0.01788389,-0.01787213,0.00122036,7.373595,26,71.739127,166.491225
2018-03-01,-0.01674694,-0.01538223,-0.01568050,0.00106644,4.604064,26,70.537716,163.930219
2018-04-01,-0.02192833,-0.02049797,-0.02084041,0.00108792,5.740059,26,68.990941,160.569982
2018-05-01,-0.01380404,-0.01225890,-0.01254344,0.00126060,8.113566,26,68.038588,158.601570
2018-06-01,0.00572466,0.00731894,0.00716932,0.00144465,9.135776,26,68.428086,159.762366
2018-07-01,0.01415572,0.01575000,0.01531485,0.00115913,6.438576,26,69.396735,162.278623
2018-08-01,0.00092658,0.00260271,0.00171789,0.00079131,3.396579,26,69.461036,162.700987
2018-09-01,0.01506493,0.01680649,0.01603167,0.00096674,5.301752,26,70.507462,165.435420
2018-10-01,0.00309689,0.00490382,0.00375108,0.00065419,3.041106,26,70.725816,166.246686
2018-11-01,-0.00792072,-0.00599133,-0.00718321,0.00073751,3.250113,26,70.165617,165.250647
2018-12-01,-0.05868349,-0.05672962,-0.05737776,0.00130572,6.220751,26,66.048053,155.876040
2019-01-01,-0.01929320,-0.01727411,-0.01807707,0.00121613,6.602039,26,64.773775,153.183421
2019-02-01,-0.00541141,-0.00342492,-0.00461651,0.00079489,3.794066,26,64.423258,152.658780
2019-03-01,0.05354143,0.05556052,0.05460571,0.00106429,4.674794,26,67.872571,161.140581
2019-04-01,-0.00848698,-0.00650865,-0.00772962,0.00075736,3.431191,26,67.296538,160.091773
2019-05-01,-0.00903195,-0.00702916,-0.00822111,0.00081084,3.941056,26,66.688719,158.966462
2019-06-01,-0.01292836,-0.01099081,-0.01205426,0.00087409,4.517319,26,65.826543,157.219293
2019-07-01,0.00015239,0.00190212,0.00080033,0.00064794,2.905598,26,65.836574,157.518342
2019-08-01,0.12396153,0.12567855,0.12480072,0.00083919,3.966087,26,73.997776,177.315019
2019-09-01,-0.04246344,-0.04082004,-0.04183439,0.00062905,2.916009,26,70.855576,170.077013
2019-10-01,-0.07335956,-0.07180623,-0.07236483,0.00099473,4.960111,26,65.657643,157.864424
2019-11-01,0.01930195,0.02057632,0.02065584,0.00135389,6.498649,26,66.924963,161.112692
2019-12-01,-0.04044686,-0.03913142,-0.03931380,0.00113307,5.084899,26,64.218058,154.808123
2020-01-01,-0.05545404,-0.05417146,-0.05443285,0.00102119,4.019076,26,60.656907,146.421941
2020-02-01,0.07766433,0.07894691,0.07900633,0.00134200,7.881251,25,65.367786,157.981501
2020-03-01,0.05816881,0.05922103,0.05890084,0.00073203,4.102762,25,69.170152,167.337328
2020-04-01,-0.03272645,-0.03263483,-0.03175396,0.00097249,6.343237,25,66.906458,161.876303
2020-05-01,-0.04928890,-0.04921393,-0.04843185,0.00085705,4.134219,25,63.608713,153.909734
2020-06-01,0.01095317,0.01106976,0.01221507,0.00126190,7.934404,25,64.305429,155.613477
2020-07-01,0.01553053,0.01566376,0.01640969,0.00087917,3.428709,25,65.304127,158.050970
2020-08-01,-0.02475181,-0.02467684,-0.02362082,0.00113099,6.603713,25,63.687732,154.150772
2020-09-01,-0.05394752,-0.05385590,-0.05306285,0.00088467,5.689915,25,60.251936,145.848843
2020-10-01,0.02091173,0.02099503,0.02215405,0.00124232,7.898196,25,61.511909,148.910944
2020-11-01,-0.01529391,-0.01521894,-0.01393868,0.00135522,8.239225,25,60.571151,146.644678
2020-12-01,0.06657153,0.06663817,0.06787459,0.00130306,8.088981,25,64.603466,156.416811
2021-01-01,-0.01605399,-0.01597903,-0.01536782,0.00068617,3.730448,25,63.566322,153.917423
2021-02-01,0.08072741,0.08077740,0.08151403,0.00078662,4.658359,25,68.697867,166.350472
2021-03-01,-0.00747203,-0.00743871,-0.00694805,0.00052398,2.807477,25,68.184554,165.113039
2021-04-01,-0.01332047,-0.01329547,-0.01262419,0.00069628,3.408462,25,67.276304,162.917784
2021-05-01,0.02032600,0.02033433,0.02099699,0.00067099,3.176886,25,68.643762,166.230608
2021-06-01,-0.02266839,-0.02266005,-0.02194385,0.00072454,3.650192,25,67.087718,162.463813
2021-07-01,0.01278909,0.01283075,0.01379785,0.00100876,4.781776,25,67.945709,164.548346
2021-08-01,0.00416747,0.00421745,0.00543259,0.00126512,7.824912,25,68.228871,165.242321
2021-09-01,0.07151879,0.07155212,0.07284981,0.00133102,9.488798,25,73.108518,177.065760
2021-10-01,0.00421553,0.00424886,0.00512326,0.00090773,5.860747,25,73.416709,177.818087
2021-11-01,-0.05266314,-0.05262148,-0.05217192,0.00049122,1.340900,25,69.550355,168.461036
2021-12-01,0.00553850,0.00558015,0.00633238,0.00079388,3.625897,25,69.935559,169.401074
2022-01-01,0.05241726,0.05246725,0.05317719,0.00075994,3.578718,25,73.601389,178.289082
2022-02-01,0.00698786,0.00717101,0.00752250,0.00053463,2.246403,25,74.115706,179.567595
2022-03-01,0.11450264,0.11479384,0.11492031,0.00041766,1.156737,25,82.602150,200.180850
2022-04-01,0.10796124,0.10839354,0.10841383,0.00045259,1.522282,25,91.519980,221.879161
2022-05-01,-0.00487442,-0.00416883,-0.00442689,0.00044753,1.659419,25,91.073874,220.954185
2022-06-01,0.03305046,0.03401203,0.03371581,0.00066535,3.178745,25,94.083907,228.469285
2022-07-01,-0.04292025,-0.04149809,-0.04227518,0.00064507,3.580183,25,90.045803,218.988245
2022-08-01,0.03063293,0.03261942,0.03139939,0.00076646,4.285427,25,92.804170,226.131514
2022-09-01,0.10141029,0.10384411,0.10208581,0.00067552,4.131647,25,102.215468,249.613941
2022-10-01,0.01052656,0.01326009,0.01085942,0.00033286,1.106437,25,103.291445,252.923844
2022-11-01,-0.10328742,-0.09983699,-0.10287743,0.00040999,1.638508,25,92.622738,227.672687
2022-12-01,0.04441010,0.04798080,0.04523918,0.00082908,3.974774,25,96.736123,238.596605
2023-01-01,-0.01853873,-0.01492797,-0.01799938,0.00053935,2.608844,25,94.942758,235.034841
2023-02-01,-0.02152608,-0.01769133,-0.02075597,0.00077010,3.289034,25,92.899013,230.876762
2023-03-01,-0.04472934,-0.04075090,-0.04394615,0.00078319,4.178385,25,88.743701,221.468327
2023-04-01,0.06046922,0.06442373,0.06164102,0.00117180,5.450926,25,94.109964,235.736144
2023-05-01,0.02202156,0.02617534,0.02297090,0.00094934,4.428058,25,96.182412,241.906617
2023-06-01,-0.00436568,0.00012189,-0.00370183,0.00066385,3.639928,25,95.762510,241.936102
2023-07-01,0.00533304,0.00974918,0.00589557,0.00056253,2.606653,25,96.273215,244.294780
2023-08-01,0.00592832,0.01043968,0.00652393,0.00059562,2.910411,25,96.843953,246.845139
2023-09-01,0.06295261,0.06747190,0.06351589,0.00056327,2.174270,25,102.940533,263.500251
2023-10-01,0.02100816,0.02551952,0.02147013,0.00046197,1.718333,25,105.103124,270.224650
2023-11-01,-0.06460007,-0.06005699,-0.06402616,0.00057390,2.183721,25,98.313455,253.995772
2023-12-01,-0.03785982,-0.03342780,-0.03680951,0.00105031,3.938762,25,94.591325,245.505252
2024-01-01,-0.05530487,-0.05091255,-0.05425875,0.00104612,5.393266,25,89.359965,233.005954
2024-02-01,0.06536592,0.06977413,0.06636391,0.00099799,5.664357,25,95.201061,249.263740
2024-03-01,0.01770379,0.02213581,0.01816343,0.00045964,1.339501,25,96.886481,254.781395
2024-04-01,0.05078689,0.05522685,0.05129245,0.00050556,2.242859,23,101.807043,268.852167
2024-05-01,0.00298877,0.00742872,0.00336565,0.00037688,1.402741,23,102.111321,270.849396
2024-06-01,-0.02348399,-0.01904403,-0.02271828,0.00076571,3.588690,23,99.713340,265.691331
2024-07-01,-0.05302041,-0.04856458,-0.05224192,0.00077850,4.141986,23,94.426498,252.788143
2024-08-01,-0.02675320,-0.02235294,-0.02564759,0.00110561,5.323727,23,91.900287,247.137586
2024-09-01,0.00752886,0.01177018,0.00853321,0.00100435,4.387866,23,92.592191,250.046438
2024-10-01,-0.06314692,-0.05928821,-0.06263315,0.00051377,2.177297,23,86.745279,235.221633
2024-11-01,-0.05136701,-0.04758022,-0.05042191,0.00094510,5.236389,23,82.289433,224.029736
2024-12-01,0.04055735,0.04429616,0.04179548,0.00123813,8.043764,23,85.626875,233.953394
2025-01-01,-0.00025794,0.00331276,0.00033812,0.00059606,3.858875,23,85.604788,234.728426
2025-02-01,-0.00853764,-0.00501503,-0.00806009,0.00047755,1.850851,23,84.873925,233.551256
2025-03-01,0.01443461,0.01796523,0.01502406,0.00058946,2.314596,23,86.099047,237.747059
2025-04-01,-0.02946008,-0.02592945,-0.02845941,0.00100066,4.791482,23,83.562563,231.582409
2025-05-01,-0.02750679,-0.02398418,-0.02666314,0.00084365,5.017684,23,81.264025,226.028095
2025-06-01,0.02953579,0.03309848,0.03067064,0.00113485,5.274340,23,83.664222,233.509281
2025-07-01,-0.04136946,-0.03776671,-0.04038860,0.00098086,5.856612,23,80.203078,224.690403
2025-08-01,-0.01350922,-0.00990647,-0.01261271,0.00089651,5.489018,23,79.119597,222.464514
2025-09-01,0.07521208,0.07867053,0.07655153,0.00133945,6.450300,23,85.070347,239.965916
2025-10-01,0.01937873,0.02266855,0.02036563,0.00098690,4.585312,23,86.718902,245.405594
2025-11-01,0.06956551,0.07275078,0.07083294,0.00126743,5.345521,23,92.751547,263.259043
2025-12-01,0.01945880,0.02263602,0.02043580,0.00097700,4.370166,23,94.556381,269.218181
2026-01-01,0.04121426,0.04422233,0.04222759,0.00101332,4.535188,23,98.453453,281.123635
2026-02-01,-0.00519093,-0.00218287,-0.00438273,0.00080820,3.181437,23,97.942388,280.509980
2026-03-01,-0.05400771,-0.05099965,-0.05278705,0.00122066,6.536286,23,92.652744,266.204070
2026-04-01,0.01355529,0.01658754,0.01463877,0.00108348,6.556621,23,93.908679,270.619741
2026-05-01,-0.00271010,0.00030603,-0.00217212,0.00053798,2.090532,23,93.654177,270.702558
2026-06-01,0.01019120,0.01321539,0.01074242,0.00055121,2.602757,23,94.608626,274.279998
2026-07-01,-0.01620215,-0.01303298,-0.01563856,0.00056359,2.524242,23,93.075762,270.705313
2026-08-01,0.03648756,0.03962453,0.03720160,0.00071404,3.477335,23,96.471869,281.431883
